index,model_list
0,30507
1,30508
2,34080
3,34082
4,34084
5,34087
6,34088
7,34090
8,34269
9,37012
10,38393
11,38395
12,38398
13,38399
14,38401
15,38405
16,38406
17,39101
18,39103
19,39177
20,39189
21,39400
22,39446
23,39451
24,39488
25,39507
26,39509
27,39513
28,39544
29,39567
30,39568
31,39572
32,39597
33,39615
34,39617
35,39622
36,39624
37,39638
38,39648
39,39659
40,39661
41,39665
42,39666
43,39667
44,39668
45,39669
46,39670
47,39671
48,39674
49,39675
50,39692
51,39693
52,39694
53,39695
54,39697
55,39712
56,39714
57,39717
58,39718
59,39719
60,39721
61,39740
62,40051
63,40054
64,40096
65,40097
66,40110
67,40206
68,40207
69,40393
70,40394
71,40411
72,40414
73,40417
74,40418
75,40422
76,40453
77,40455
78,40466
79,40467
80,40479
81,40480
82,40481
83,40494
84,40536
85,40553
86,40762
87,40904
88,40905
89,41096
90,41323
91,41426
92,41433
93,41484
94,41540
